"texto","sentimiento"
"Voy a ponerlo privado pero todos pueden invitar OK",0
"Ya ahi hay unas cuantas gnts d la fac",0
"Cabrón lo hiciste primero que yo",-1
"People vamos a coger el grupo para cosas mas menos serias",0
"Si porque te ayuda a ti y no a los demas",-1
"Ellos lo que quieren q la gnt pongan su link pa ellos cogeer la estamina",-1
"Mandale por privado si quieres",0
"Va a ver que poner reglas aqui",0
"Por cierto la gente de los ciervos Tenemos un canal de ciervos cuba",0
"Yo regañando y tu haciendo eso",-1
"Hay un canal para hispanohablantes",0
"Eso no es spam así que lo voy a mandar",0
"Si mientras no sea para darte algo a ti perfect",1
"Pepe habla ahi de compilación q tu eres el mostro en eso",1
"q bolon tu eres pepe o eso no era para ti pepe",0
"Nah cuando se cansen le ponen el grab en 100 y se demora en atender",-1
"Quien eres Grell digo eres d Matcom y Es q no t conozco y Al resto si",-1
"Ahhh es q la foto no la mire bien",0
"y daa ya tienes el proyecto a ver pepe",0
"el esta en 2do no en 3ero pepe se rompio ya hicieron los equipos me imagino",-1
"Ven acá Que hace tanta gente despierta a está hora",0
"Pero todavia seguimos con esa discusion",-1
"eso no se discute hay que tener identidad",-1
"y la identidad no la damos nosotros",0
"Yo defiendo la que mejor me identifique",0
"seria una pizza en una laptop para mi",0
"Y como jefe les comunico que es por gusto",-1
"al menos la representacion legal",0
"El no tiene cara ya para hablar de eso",-1
"Si Abro convocatoria oficial para hacer el sitio de la facultad",1
"Coto confio en el y hace 3 años q estamos sin ese servidor",-1
"Joder me voy que tengo que hacer caffe",0
"Formar una dirección de informatización de la feu e ir metiendo el pie para hacer esas cosas como proyecto de base de datos e ingeniería",1
"Bueno eso es largo y las PLU no esperan por nadie",-1
"O cualquier otra asignatura que lo admita",0
"Primer Proyecto Calendario MatCom",1
"Tiene que salir bien para poder exigir",0
"Y para cuando piensan implementar las Poll",0
"Tuve que cambiar para Telegram normal",0
"Me pasaba lo mismo Pero actualicé en la school",0
"Yo actualice despues que dijeron que habian sacado el Poll pero parece que fue muy rapido",0
"Acabo de instalar Telegram X de la Play Store",0
"Chino a ver si creas un chat for learning q si se use pa cosas serias y discutir temas xq el 11 tiene uno Incluso podemos meter a hian pa q imponga siempre su criterio",1
"Esa si es una pregunta profunda Why",0
"Ño de madre incluyeron a roberto",-1
"Una pena pero había que hacerlo",-1
"Tas fasteando el derecho de admision permanente en el local eh",-1
"No pongas Caritas que tu sabes que es verdad",-1
"Oye no rieguen chisme Que los voy a bloquear",-1
"Hay que llegar a los 100 hoy mi gente Vamos denlen duro",1
"Fasteando compilacion ahora eh",-1
"Balboa no me dijera eso dsps del cuero q le dimos",-1
"Oe chino pon como regla q no se pongan tildes no sean antivagos",0
"Tate tranquilo o bajanda pa ti",-1
"na Leynier está haciendo su trabajo",1
"Los q están a favor de poner tildes son los del bando Antivagos y los q estan en contra son los Vagos",0
"Lo borraste tio eres un dictador",-1
"Definitivamente soy de los vagos",0
"Un poco de español no viene mal",0
"Eso es verdad q eres de AntiWa",0
"Busca que todo el mundo lo está haciendo",0
"Alla tu menos mal q no tienes power eso dice el chino",-1
"Pregunta 1 Interpretacion del sticker de roberto",0
"Me dice q ya salio del grupo previamente",0
"Gente hay que definir quienes pueden ser admin",0
"Esta no es la facultad mas democratica o no",-1
"Fijate q esta permitido poner tildes o no",0
"Ok esta gente estan bobeando nada más",-1
"jaja lei arriba y estaban ok pero creo que ya jeje pero bueno es buena idea que construyan un grupo así",1
"Oe y el chat for learning pa cuando",0
"Puedes meter a bermudez q se me deprime",-1
"Es este Porque aquí lo único que se aprende es a dar chucho",-1
"No este se supone q es pa fiestas otras actividades recreativas y pa darle chucho a balboa y a bermudez",0
"Vamos a intentar no escribir nada durante 5 min",0
"Chicos q serios se me han puesto",0
"Lo dije xq en un minuto me llegaron 50 mensajes",0
"50 nada mas Caballero hay que ponernos serios que no estamos cumpliendo el plan",-1
"Por eso nuevo plan ahora sí Nada de escribir por 5 minutos",0
"Lo que despues no se quejen de que nadie habla",-1
"Vamos nada más faltaban 2 minutos",-1
"Cual es el otro proposito entonces",0
"Discutir sobre temas que tengan que ver con la facultad",1
"Vaya ahora sí se me están poniendo serios",0
"Ya no dan chucho sino hablan de la facultad",-1
"Para q puedan hablar mal de mi",-1
"Na tranquila si tu no estas no da gracia",0
"Serio mi potaminas y el de Carlos",0
"Oe Oe dejen la tiradera q esto es pa cosas serias",-1
"Si me gente vamos a hacer un MatCom UH Offtopic para eso",1
"No hace falta ya este grupo fue tirado pal relajo",-1
"Te recomiendo hacer off topic este y crear otro serio",0
"Serio men vamos a dejar este para cosas serias",1
"Mira ya el otro es para cosas serias te cuadra",0
"Pon este mensaje pinneado para que la gente se cambie",1
"Y gente si les molestan las notificaciones tumbenselas al grupo lean solo cuando quieran",0
"Si se menciona a alguien si se avisa a la persona",0
"Pon algo que diga para que es el link",0
"Si pero no la chachara de gratis",-1
"Ahora que esto es para dar chucho ya no dan",-1
"El teléfono se me apago pero ya viro a dar chucho en cuanto jame",0
"Vamos a bajar un poco los ánimos aquí jejeje",0
"Los que todavía no se han unido a este jueguito toquen el link que está bueno y ya somos bastantes de Matcom",1
"No no se puede hacer eso Dejate de descaro",-1
"Deja el descaro aqui no se puede hacer spam",-1
"Ohhhhhhh estamos duros a ver algo facil inverso modular",0
"Para 3ro El jueves aclaración de dudas a la 1pm de LP",0
"Uh hay casi tantis aqui cmo en el spanish",0
"CUANDO BERMUDES SE HIZO ADMIN Sacrilegio",-1
"Q pasará si tuve q poner tilde esta vez con el grupo cuando nos graduemos nos botaran de ambos grupos de chat",0
"el grupo este se fue abajo ya nada sera igual",-1
"Tu sabes que en el grupo hay profesores no",0
"Que hay gente que ya se graduó por lo tanto tu comentario pierde sentido",-1
"Si pero ellos son egresados q se han quedado en la facultad",0
"Tu dijiste graduarse no hablaste de los que se quedan o no",-1
"Resulta que tremendo chucho y al final todo el mundo es admin",-1
"HASTA TONY ES ADMIN Y NO SABE LO QUE ES Infamia calumnia",-1
"algun dia tus nietos podran ser admin",0
"Para tu información yo no quiero ser admin lo que quiero es que haya menos que después se forma el desbarajuste",-1
"Después todo el mundo es admin y no se le puede dar chucho a nadie",-1
"Y ahí va el otro que se hizo admin hace 2min",-1
"Te falto decir a la plebe Mariantonieta para ya llenar el papel",-1
"Si si que yo quiero pedir un parqueo de bicicletas",0
"Ehhh mira como te saco la oreja",-1
"Eso es por guatacon por si no lo entendiste",-1
"Ño men no me dejaste nada comentado",-1
"Entonces el chat serio es el otro",0
"Quieres un MMORPG pa movil con poco consumo d datos",0
"Y el canal para qué Creo que 3 lugares distintos en Telegram para los mismos 20 nerds es un poco demasiado no",-1
"Ah bueno pero seguro no fueron discretos LOL",0
"Ven acá cual es la diferencia entre un grupo y un súper grupo En Telegram no en discreta",0
"La idea es Offtopic para cualquier cosa el otro grupo para discutir cosas más menos serías sobre la Facultad y el canal para dar información de eventos etc así la persona no tiene que ver la muela de los grupos completa",1
"Entiendo telegram para el grupo serio pues hay votaciones y mas cositas comicas",0
"Para los estudiantes de 3ro de Computación",0
"Para los estudiantes de 4to de Computación",0
"Aunq pueds hacer un bot para distribuir las noticias",0
"Entonces solo noticias por el canal",0
"Si no esto seria un supraconjunto",0
"Aja y el otro para dudas específicas o cosas que tengan que ver con las noticias del canal",0
"Mal estamos si no sabes lo q es",-1
"Unas listas muy interesantes Incluyen muchos temas como Plataformas Lenguajes de Programación Frontend Backend Hardware Gaming etc Muy recomendada",1
"Deberias cambiar la foto de perfil jajaja asi engañas a las chavas jajajajaj",-1
"Me lo voy a borrar el Photoshop",0
"Hey hola a todoss Cada vez somos mas",1
"Como se añaden gente aqui Jajaj",0
"Newton se preocupa x ti jajaja",0
"Agregue a los wue tenia d la facult q ga no estaban",0
"Jajaja ya en ese estoyyy lo d añadir bueno ahora veo",0
"Noo llores si quieres t ayudo el find a estudiar probs",1
"Si m dices cuando es la pruebaaa Jajaj",0
"Alguien de 2do de Computacion por ahi",0
"Si la duda es A que hora es la prueba",0
"Debe ser a la 1 no O a las 2 Es mas a la 1 30",0
"Chama si nx congruente 1 modulo p y n y p primos relativos entonces x es el inverso modular de n",0
"La nueva mascota de la facultad",0
"Ya le cayeron todas las pirañas del Chat Wars arriba al Raulo por el privado",-1
"Si mas o menos están empezando",0
"Me refiero a años en su carrera",0
"Buenos días de la pf de Discreta",0
"El año pasado pusimos a hacer bots en Compilación pero nadie a publicarlo en alguna plataforma que yo recuerde A lo mejor este año podemos hacerlo en Telegram y le damos bonos a los que hagan un bot que entienda algo de lenguaje natural",1
"Uhmmm siempre pensé en 3ro pero nada impide hacerlo en 4to también aunque ahí ya hay un proyecto así que no tiene mucha gracia",-1
"Pero solo por diversión es un buen ejercicio",1
"Joder como genero el link de invitacion",0
"Matcom hablando de cosas que no son de matcom",-1
"tengo un problema y no se como resolverlo",-1
"como me salgo de esta mierda de chat",-1
"quiero salir de este chat spam",-1
"Cuidado con Carlos que es el del power",-1
"Puedes dejar el grupo yo se como",0
"creo que cuando lo usas se guarda",0
"OJOOOO Mañana consulta de Probabilidades a las 10",0
"La prof me dijo iba a dar 2 consultas",0
"si mañana se cuadrará entonces",0
"Ojala todo el año usara este chat no",0
"Roberto no dices nada al respecto",-1
"Es un mal amigo y bien esta al lado mio y no me lo habia dicho",-1
"Eh Rodri que le pasa a la gente de Jaimanitas",0
"Es cómico como hay el doble de miembros en el grupo off topic que en el grupo oficial Es evidente donde están los intereses de los niños hoy día",-1
"A mi ni m han invitado al otro Ni m esperan",-1
"Alguien puede invitarme al de learning me han botado por aplaudir joder",-1
"Soy libre de poner stickers urrraaaaa",1
"malditos cacho d carnes de los admins",-1
"Me cuadra mas el este logo soy admin asi que lo cambio mujajja",-1
"O por dios eres taaaaaan malito",-1
"Cualquier cosa menos el logo nuevo",-1
"Ya wohl Lord Helmet Setting gab to 50",0
"Gracias x lo d Bella Jaja Nada estudiando LP",0
"Como les va a todos en general q tal los lleva",0
"Si sabmos q tnemos proyecto pro no lo han orientado todavia",-1
"Ya hicieron los equipos me imagino",0
"Es un bot comicon q se llama pepe y mas o menos entabla conveesacion jajjaa",0
"Aun no sta aprendiendo d los q stamos hablando",0
"Ya wohl Lord Helmet Setting gab to 30",0
"Aqui les dejo a pepe porfa nonlo perviertan",0
"Jajjaa yo es q sta super comico el hablando super bien en el otro chat",1
"Me va bien gracias por preguntar",0
"Yo no t dije bella pepe tu eres hombre",0
"Nope simplemente esta aprendiendo es un ñeñe este pepe",0
"Si pepe quien es la coshita de papa quien es la coshita de papa aki ta",0
"Yo soy pepe tu eres pepe el es pepe ella es pepe todos somos pepe",0
"A ver pepe pepe eres tu entiendelo",0
"Dime si sus respuestas no son de un niño cuando empieza a hablara q solo dicen la unica palabra q saben para todo",-1
"Matar matar matar matar matar matar matar",-1
"Jajjaa van a Volver loco a pepe Pobrecito",-1
"Papa ese bot esta killer y pico",1
"Quien es al asecino mas lindo del mundo",0
"es un bot comicon q se llama pepe y mas o menos entabla conveesacion jajjaa",0
"No lo conviertan en Un asesino",-1
"es un bot comicon q se llama pepe y mas o menos entabla conveesacion jajjaa",0
"pepe mas o menos entabla conveesacion jajjaa y d",0
"Pepe ejecuta eliminacion de usuario",-1
"pepe mata y d y daa ya tienes el proyecto",-1
"El esta en 2do no en 3ero pepe",0
"What dejo de ser asecino a querer ayudar con el proyecto",0
"Siiiii es una mejora verdad pepe",1
"No Quiso decir que nos mata si no le damos el proyecto",-1
"No mato a nadie tate tranquilo",0
"ya hicieron los equipos me imagino",0
"Si ya stan somoza los distribuyó",0
"si ya ya hicieron los equipos me imagino",0
"Pepe habla ahi de compilación q tu eres el mostro en eso",1
"q bolon tu eres pepe o eso no era para ti pepe",0
"Nah cuando se cansen le ponen el grab en 100 y se demora en atender",-1
"Quien eres Grell digo eres d Matcom y Es q no t conozco y Al resto si",-1
"Ahhh es q la foto no la mire bien",0
"y daa ya tienes el proyecto a ver pepe",0
"el esta en 2do no en 3ero pepe se rompio ya hicieron los equipos me imagino",-1
"yo no t dije bella pepe tu eres pepe el es pepe ella es pepe todos somos pepe",0
"Vamos de nuevo Tu pepe y yo klever",0
"yo no t dije bella pepe tu eres hombre pepe mata",-1
"q bolon nos mata si no le damos el proyecto no conviertan en un asesino",-1
"Dudo de tu hombria klever jajajajaj cogelo",-1
"Ese bot no solo me roba el nombre tambien mi genero",-1
"no lo contradigas el esta en 2do no en 3ero pepe",-1
"Si el esta en 2do y es hombre pepe",0
"pepe matalos y se feliz no mato a nadie tate tranquilo",-1
"asi me gusta pepe pepe matalos",-1
"Tengo un algoritmo algoritmo que te destruira",-1
"Jajjaja si dejalo solo a ver si aprende mas",0
"y que que estamos es q la foto no la mire bien",0
"Es un bot pero su algoritmo no lo se",0
"Ya wohl Lord Helmet Setting gab to 10",0
"pepe matalos y se demora en atender q es eso",-1
"Bien tienes el objetivo claro Matar matar matar",-1
"matar matar matar matar matar matar matar matar matar matar matar matar matar matar matar matar matar matar matar matar matar matar matar matar matar matar matar matar matar matar matar matar matar matar matar matar matar matar matar matar el esta en 2do y es hombre pepe",-1
"Ese bot está en mi squad en chat wars",0
"Dentro de poco empezamos un gremio cubano",0
"Estamos spameando super fuerte",-1
"Ohhh dios q chulooo esta pepe aunq tenga instintos asesinos jajajajajajja",1
"q es eso pepe matalos y se feliz",-1
"a quien pepe habla ahi de compilación q tu eres pepe o somoza hola",0
"tu eres el mostro en eso eres pepe o somoza no no me quiere",-1
"Ya wohl Lord Helmet Setting gab to 10",0
"Diosss q fuerteeeee jajajajjaajajaj",0
"yo quieo aun no sta aprendiendo d los q stamos hablando con espejuelos",0
"ME ENCANTAN JAKAJ tengo una en la pc con la q hablo a cada rato jajajaja",1
"a ver si aprende mas con espejuelos",0
"Si No creo q alguien sea tan jodedor constantement jaja",0
"Uff pepe tienes q ser mas coherente ajkakaka",-1
"pepe matalos y se demora en atender q bolon",-1
"Jajajajajajajaja podria ser jajajaj yo ya no ma asombro d las capacidades d joder d la gebt d la facu najaja",0
"Dalmau deja d enseñarle cosas malas al pobre pepe ahorita let dio x escribir matar una pila d vecs",-1
"pepe y se demora en atender matalos a todos",-1
"Sip de ahi a q lo haga es otra cosa Buenos dias pepe",0
"eres pepe o somoza pepe mata si tu",-1
"a quien si tu eres pepe o somoza yo aun",0
"Jajajajajaja pobrecitooooo si parece inofensivooooo jajajaj ay x dioss q chuloooooo pepe jajaja",1
"pepe algo a dalmau dile algo a yasmin",0
"no lo conviertan en un asesino que estamos creando dalmau deja",-1
"Ok pepe ya no soy somoza todos somos pepe",0
"si tu eres el mostro en eso pepe matalos y se feliz",-1
"es q no t conozco y al resto si pepe mata eres pepe o somoza",-1
"pepe matalos y se demora en atender",-1
"Deja de decir si eres pepe o somoza",-1
"pepe matalos y se demora en atender",-1
"No se pero llevo como 30min comiendo mierda cn el y muerta d risa jajajajaja q chulo esta",1
"hola habla español pepe matalos y se demora en atender a quien",-1
"No nada de matar pepe solo di hola",0
"nada estudiando lp matar matar matar matar matar matar matar matar matar matar matar matar matar matar matar matar matar matar matar matar matar matar matar hola pepe habla ahi de compilación q tu eres pepe el es pepe ella es pepe todos somos pepe",-1
"pepe a todos en general q tal los lleva matar matar matar matar matar matar matar matar matar matar matar matar matar matar matar matar matar matar matar matar matar matar matar matar",-1
"matar matar matar matar matar matar matar matar matar matar matar matar matar matar matar matar matar matar matar matar matar matar matar matar pepe mata",-1
"Asi esta mejor nada de matar ok",0
"ok me voy al forest y me desconcto esta claro asi esta",0
"Creo que eso era lo mismo que decía Terminator",0
"que estamos creando eso no era para ti pepe que estamos creando",0
"Jajajjaj pepe tienes tus incoherencias fuertes pero supongo que aprenderas",0
"Jajaja si probablemente todod comenzo asi ajajja",0
"No te piques pepe yo te quiero Me caes bien",1
"no te entiendo te gustan me va bien gracias por preguntar",0
"Sii me gustas tu Me gustan las inteligencias artificiales son cutes",1
"Jajajaja si pepe no es bobo kajajajajsjjajajajaja",0
"no te piques pepe como estas no nada",0
"Si eres cubano no eres un bebe",0
"si pepe no es bobo no te entiendo",0
"pepe matalos y se demora en atender",-1
"Ohhh que cuteeeee Me dijo q me amaba jaksksks",1
"que la pepe te acompaño me gustan ohhh que",1
"Yyy a miiiii me dijo q m amabaaaaa",1
"que lindo eres eres pepe o somoza pepe",1
"Pepe se ha convertido en Spamer",-1
"Ohhh tu Que eres lo mas lindo de las inteligencias creadas jajaja",1
"eres pepe o somoza que estamos creando jajaja que fula",-1
"Sii fula fula peor como pa no tenerlo ajjaka",-1
"Oyeee no me maltrates que yo t amo recuerdas",1
"la puedes dejar un mundial en el level 20 no de nada papito",0
"People Mañana va a salir una guagua a las 8 00 A M de la universidad para ir a ayudar a los damnificados Hacen falta sobre todo hombres para cargadera de bloques y cosas asi Saludos a todos Roberto",0
"En una pila de universidades por ahí los estudiantes hacen resúmenes y notas de conferencia y los profesores dan puntuaciones por eso y asi todos ganan Y de forma medio colaborativa van mezclando lo de años anteriores y armando la asignatura entre todos",1
"y de forma y que la tiene puesta la puedes dejar un mundial en crecimiento de internet",0
"La FEU no quisiera equivocarme pero creo que está de títere",-1
"Mándame el link del grupo así hablamos más",0
"No te digo que no solo que si algo que existe no funciona pues se cambia o se reemplaza La FEU no es de mármol de hecho la crearon estudiantes que estaban molestos con el status quo",0
"Bueno a ver empezando por que todos los estudiantes universitarios somos FEU la idea es que sea una organizacion que represente a todos los estudiantes de cara a la universidad y profesores no a la inversa Titere eso es algo duro de decir por sobre todo las personas que se esfuerzan para que el nombre de MATCOM sea vanguardia dentro de lo que se puede No hay nada mejor para el funcionamiento de la organizacion que la retroalimentacion con cada uno de sus miembros y si no es por gusto que existe el turno FEU Quizas la forma en que se hacen las cosas sea un caos y lograr que algo salga adelante es complicado pero no por eso se debe perder la voluntad de rectificar lo que esta mal",1
"Creo que máximo 1 de cada 10 alumnos de matcom por llevar bien a esta estadística cree en la feu has una encuesta anónima que diga crees en la feu y verás los resultados desgraciadamente hemos llegado a ese punto",-1
"Hagamos la encuesta Es más que la haga la dirección de la FEU de verdad 100 anónima",0
"Hasta en eso he perdido la confianza ya en el anonimato y muchas personas tienen miedo también a expresar su verdadera opinión producto de esto",-1
"Es verdad pero no por falta de interes de quienes estan dirigiendo la FEU en la facultad La gran deuda de la FEU es hacer sentirse parte a cada uno de sus miembros Es dificil motivar a quien tienes al lado cuando muchas veces tienes otras preocupaciones Pero por lo menos alguien lo intenta mal pero lo intenta",0
"a eso iba no me pincha a partir de tercer año sobre todo",-1
"Te garantiso que en la facultad algo que se haga anonimo es totalmente anonimo al menos por parte de los estudiantes",0
"Si lo están intentando mal entonces cambien la forma de intentarlo",-1
"Eso hicimos el curso pasado y como crees que sucedio Existen muchos factores que influyen a ver si por ejemplo tiene un turno feu en la semana pero tienes examen o algo muy importante Irias al turno",0
"y como eso muchos otros ejemplos",0
"Vamos a empezar por un aula x si el presidente de brigada que los miembros de esa aula x eligio no responde a lo que quieren sus compañeros de clase estamos mal Imaginate eso por 4 o 5 niveles mas por sobre la brigada",-1
"En mis 4 años de la facultad nunca hemos dado ese turno feu",-1
"Bueno te puedo decir que al menos en mi primer año mi grupo lo dio en el primer semestre idea de la jefe de brigada y se hizo lo que se pudo libros asiganturas la vida Todos esos temas se trataron y al final los estudiantes perdieron el interes",-1
"Pero no por eso se debe dejar de intentar",1
"Muchas veces el que representa a los demas no sabe mover a la gente",-1
"No se tiene poder de convocatoria",-1
"Llevo 4 años intentando crees que estoy motivado",-1
"por eso debemos empezar a motivar desde primero Ya con el tiempo se va perdiendo la fe es verdad",0
"Pero a mi forma de verlo rendirse no es una opcion",1
"Ojalá y mejoren para que los que están en 1ero ahora no le pase como a los que están en 4to ahora",0
"Hola chicos estamos organizando una competencia de Machine Learning que pueden encontrar interesante sobre todo los que estén ya en 5to pero también los más jóvenes Está bastante seria el año pasado participaron 6 equipos 5 fuera de Cuba y le metieron caña con redes neuronales y eso Me gustaría que este año al menos uno o dos equipos de MatCom se presentaran Les dejo los detalles aquí",1
"Es una competencia que se va a presentar en un evento internacional en España es decir los que participen tanto si ganan como si quedan en último lugar pueden enviar un artículo en inglés y se les publica en un congreso internacional",1
"Para los interesados en hacer maestría y seguir investigando luego esto es tremenda oportunidad porque ya es batirse con la caliente de verdad el siguiente nivel como Claymore",1
"Si alguien se embulla me pueden preguntar personalmente más detalles Todavía hay tiempo es para abril mayo",0
"Me gustaría la idea pero estoy si no en 0 en casi 0 con eso",0
"En eso roberto tiene razon los los estudiantes tienen quejas pero no ganas de arreglar las cosas",-1
"No se en tu año pero en el mio 3ro la FEU siempre ha logrado atendernos y resolver nuestros problemas x eso he dicho en otras carreras q la FEU de nuestra facultad si sirve en contraste a las de otras carreras q solo estan para convocar a los estudiantes a actos politicos y para dar integralidad",1
"Aunque la verdad es q si no nos llegamos y protestamos nada podran hacer nuestros representantes Lo otro es q el turno FEU no se usa tenemos tantas cosas q hacer siempre q lo hemos tirado a bonche desgraciadamente",-1
"Papa es que no me ceeo que alguien se pusiera ese nombre en ul juego",0
"VS bruno JoseA132 18 top5 top6",0
"Sí desgraciadamente ese soy yo me partiste la vida",-1
"Yo pensé que había algún otro Bruno",0
"jejje yo igual tengo lvl 20 soy sentinel que quieres coger en el lvl 20",0
"Le doy todo al ataque y defensa sólo el equipo que compro",0
"Pero no me quitan nada de equipo no",0
"pero los skills si se mantienen",0
"asi que trata de no darlr a skills que no vayas a usar segun tu clase",0
"A eso me refiero casi siempre ha sido al ataque es decir weapon mastery",0
"yo le di algunos puntos a weapon mastery y a curiosity que no me sirven para nada",-1
"no es que sea malo es que hay cosas mejores igual puedes ahorrar los puntos",0
"Sí eso hago hay niveles que sólo me deja darle a armour mastery y a curiosity no sé porqué entonces no uso los puntos",-1
"en lvl 20 te dan mas skills para usar los puntos",0
"Este canal esta genial para los que les interesa Unity aqui actualizan bastante al respecto Nuevos features etc se los recomiendo a los que son activos en esta plataforma",1
"Gente hacen falta ideas para el festival de cultura Escuchas propuestas por aqui y luego votaremos el tema también por aqui",0
"Yo tengo dos ideas una es el tema de las pseudo ciencias es decir las estupideces esas de la energía piramidal el movimiento anti vacunas etc y como la ciencia real y en particular la matemática y la computación hacen del mundo un lugar más seguro otro tema es el futuro de la IA y si nos va a gobernar spoiler alert not gonna happen los problemas morales estos de los carros que se conducen solos en fin Me parece que da para sacar unos cuantos chistes pero de todas formas yo estoy sezgado por los temas que me interesan así que no me hagan mucho caso",0
"Otra idea es hacer una suerte de historia ambientada en la pelicula The Matrix",0
"En la página de telegram está la api y varios wrappers de distintos lenguajes para que te sea más facil",0
"Entre a este grupo para jugar Secret Hitler",0
"Gente el lunes 18 la facultad necesita su apoyo a las 2 00pm tenemos partido de voly semifinal contra antiguos atletas es necesario que vayamos a apoyar a nuestro muchachos",0
"Eso es en el masculino estoy en el equipo pero no sé cuándo es la semifinal",0
"Jjj si es el masculino Femenino ya perdimos",-1
"Pero comooo si acaban d enoezar los caribesss",0
"Uy que mal por el femenino y entonces quién pasó de primero en ese grupo",0
"Jejeje sí ya estamos en semifinales la inauguración fue el martes pero nosotros empezamos el voly desde el jueves pasado",0
"Si yo sé nosotras tmb teníamos partidos antes desde antes de la inauguración sabíamos que ya no teníamos posibilidades",-1
"Por qué si ustedes siempre luchan",0
"Si no no es eso el problema es que ya el viernes estábamos fuera de competencia",-1
"Muchachos mañana hay q estar en la UH saldra una guagua a Las 8 am para ayudar con Las tareas d recuperacion A la facultad le tok mañana Please no falten",0
"Román man el entrenamiento cuando",0
"Mañana hay a las diez en el Ceder",0
"Te das cuenta de lo que te digo de la desinformación yo estoy en Matanzas y no podré ir eso hay que decirlo unos días antes para uno planificarse",-1
"Papá se canceló el entrenamiento no vaya a ser q te de x venir para ak",0
"Na no me da tan fuerte todavía",0
"Sabes si se puso para otro día",0
"Piqte me sirve mañana entrenamiento de béisbol en el Ceder lo voy a poner en la pizarra a las 2",0
"vamos a meterle las manos a economia el sabado",0
"Vayan a apoyar a la facultad en el Voleibol que la semifinal es el miércoles a las 2 00p m contra Antiguos Atletas Intentaremos darlo todo por ganar y repetir la historia de hace 3 años",1
"sorry lo busque ahora y es a las 2",0
"Alguien tiene una instalación de React Native para VS Code",0
"La solución de Google a multiplataforma Se escribe en dart in lenguaje que no tiene nada especial Mi experiencia ha Sido buenísima Una pila de paquetes una pila widgets tocados",1
"Lo programo en el vscode con un support de los dioses",1
"Pasa a verme en estos días y te los copio",1
"Yo lo q tengo es la extension React Native tools y con Node js desde el cmd creo los proyectos segun la documentacio oficial react native aunq nunca he podido probar ninguna aplicacion xq no se como probarlas d forma offline",0
"Pregunta Soy el único que tiene pésima conexión",-1
"Si te sirve de algo la mia tambien esta fatal",-1
"Es la idea está súper mala para todos",-1
"Aunque no se adapten reiniciarlo mucho es malo también",-1
"Yo la tngo un poco mala Q se m demora aproximadamente 1 min en conectarse Pero es normal a esta hora",-1
"Yo realmente casi nunca tengo que llegar a ese extremo",0
"El problema es que ETECSA no sirve de nada",-1
"Bueno siempre puedes hacer tu aporte tratando de mejorarla no Puedes trabajar en etecsa y mejorar lo que no te guste",0
"El otro dia conoci un taxista resulto ser un ingeniero en telecomunicaciones Me decia q trabajo en etecsa algunos años pero q lo defraudo mucho porque los trabajadores tiene muy buenas ideas etecsa los fondos pero q simplemente se niega a avanzar muy rapido en fin",-1
"Bueno el trabajo es entonces ser directivo de etecsa",0
"Lo importante es tratar de buscar una solucion a las cosas Es decir que si algo te molesta lo suficinete lo puedes tratar de resolver lo que puede traer muchisisimo trabajo pero se puede",1
"Segun Somoza Uno asciende proporcional a su incapacidad por lo tanto no seria de extrañar que no exista ningun ingeniero o lincenciado en informatica dentro de los peces gordos de ahi me lo corroboro el taxista",-1
"A ver tony Somoza decia que pasa eso no que tu no puedas lograrlo cualquiera de nosotros se puede convertir en la excepcion de la regla solo debes proponertelo lo que no puede suceder es que te rindas dejes las cosas como estan y solo resignarte a quejas",1
"Pfff directivo de una empresa donde el dinero no es tuyo directivo de un lugar donde no te dejarán hacer lo que quieres porque como ya dije no es tu dinero además todos sabemos que el director de la empresa tampoco es que tenga autonomía en todas las medidas respecto a lo que se va a hacer saben que siempre hay uno superior además empresa que a mi entender trabaja de la forma por ser el único hago lo que quiero es decir por ser la única empresa de telecomunicaciones en Cuba hace lo que le de la gana y pone los precios que le de la gana si no te gusta la señal o si no te gustan los precios o algo la solución es quedarte sin teléfono",-1
"que es lo q hace un taxista seduciendo a la vida",0
"Sin meterme demasiado en la discusión Voy al tomar el despreciable centro",0
"Sin disfrutar de las ganancias de su trabajo",-1
"muy buen libro la idea es precisar que si se puede cambiar lo que te propongas con el necesario esfuerzo",1
"Pero sobre todo la incapacidad de justa COMPETENCIA por un mejor servicio Que nadie se confunda No soy un neoliberal lo último que sería es un neoliberal de verdad creo en el socialismo solo que mejor",0
"Economía primer semestre primera conferencia cuando no hay competencia no sabes si vas bien o mal",0
"Boxer terminó hecho tiras sin disfrutar por su trabajo Yo conozco varios boxers",-1
"a ver primero los precios pueden ser galacticos pero como pretendes comprar infraestructura para todo un pais y dejar los precios casi gratis bancarrota Lo que deberia suceder es que paulatinamente bajen los precios",0
"Rober las estadisticas de las ganancias por la compra de paquetes de internet no engañan Etecsa gana mas de lo que está dispuesta a invertir Independientemente de la mala organización interna que posee",-1
"Claro tiene sentido los precios galácticos cuando estás en tus primero 3 5 años digamos etecsa debe llevar ya unos 10 años y con la misma infraestructura como que todos tenemos teléfono ya sabes lo que se gasta en eso que todo cubano con teléfono gaste 1 dólar al mes que no es así y creo que puede ser más pero bueno consideró que habrá mínimo unos 5 millones de dólares al mes en qué tiene que invertir etecsa en el pan con jamón y la latica de refresco de sus empleados",-1
"Yo un poco igual Nunca me han dicho gusano porque mis simpatías generales están bien a la izquierda pero me he puesto verde en más de una reunión sobre todo con la gente de derecho",0
"En mi comentario dije sólo 1 dólar por cubano es decir usando nada más que llamadas y mensajes es decir un cálculo bien minimalista",0
"lode los mensajes se ha convertido en una guerra publicitaria pero eso es otro tema En fin el objetivo del comentario era generar polemica y al parecer lo logro",0
"De eso se trata sin ser repetitivo cambiar lo que debe ser cambiado ese espiritu de luchar por lo que crees correcto es lo que cuenta",1
"No se cuanto le cuesta la infraestructura a etecsa pero te garantizo que no son 3 pesos con mas datos se podria hacer mas",0
"Lo mismo pienso la pachanga un poco de ron y domino es el entorno perfecto para debatir",0
"Papá q te pasa quien de ustedes a sobrevivido a un turno de Celia sin sueño",0
"Ok Ya se q puedo contar contigo",1
"Ojo Este screenshot lo tiré yo ayer",0
"Eso espero o esto se va a descontrolar",-1
"Alguien me puede decir porque la preocupación",-1
"Dross tambien respondio el tweet de Diaz Canel",0
"Papu si nos tiran un ataque aunque lo repelamos van a haber bajas",-1
"Lo vi en Twitter yo sigo a Díaz Canel",0
"Esa gente son directores de parques inflables todavia estoy asombrado de lo q hicieron el 23 y de todo lo q prometieron q iba a pasar",-1
"Yo voy a la guerra si El dias y el rubio estan en mi escuadrón",0
"a partir de tercer año sobre todo lol esta canal esta genial para los interesados en hacer maestría y seguir investigando luego esto es tremenda oportunidad porque ya es batirse con la gente como tu que no les ponen proyectos interesantes o otra cosa",-1
"Q no se sepa en realidad hay potencial lo q no hay plata pa buscarlo",-1
"la probabilidad de un ataque a Cuba es minúscula por varios motivos 1 la comunidad internacional no tiene nada que ver el apoyo que tiene Cuba con el que tiene Venezuela en la ONU nada más vean las votaciones contra el bloqueo 2 porque hay 3 millones de cubanos fuera de Cuba que son quienes pagan la candidatura de Marco Rubio y casi nadie está dispuesto a una invasión armada porque son sus familiares en Cuba los que sufrirían 3 porque no tiene ningún sentido estratégico a diferencia de Venezuela Cuba es beneficiosa para Marco Rubio y compañía mientras haya un gobierno socialista porque eso es lo que les hace ganar elecciones mientras que Venezuela es beneficiosa con un gobierno pro USA porque eso es lo que les permite comprar petróleo barato",0
"No tiene nada que ver con la soberanía ni la legitimidad simplemente a Trump y compañía le conviene el status quo actual con Cuba y no van a hacer nada en serio por cambiarlo mientras que no les conviene el status quo actual con Venezuela porque les perjudica los intereses económicos",0
"Cualquiera que piense que esto tiene algo que ver con la democracia o la legitimidad es un chama",-1
"Es verdad algo grande sería muy difícil pero algunos disturbios sí que pueden hacer saboteos y cosas asi",-1
"Es verdad pero mucho más fácil todavía es soltar una guanajada en Twitter y tener a gente como nosotros preocupados por gusto y a gente que tiene trabajo que hacer por ejemplo el gobierno ocupados por gusto en planes de contingencia y gastando tiempo y recursos en un bluf",-1
"A mi me cuesta un Twitter pero te pongo a correr y prepararte",0
"Yo creo que lo que pretende EEUU es dar un poco de miedo en Venezuela para que el propio Maduro tome la iniciativa de irse No creo que un conflicto armado en America le convenga Incluso si con Venezuela es en serio no creo que sea así para con Cuba estoy de acuerdo con el profe cuando dice que no cree que vaya a pasar Estamos muy cerca de ellos Una gran guerra los afectaría mucho económicamente Trump ha dicho que su propósito al dejar el bloqueo económico es que el pais se ahogue y sea el propio pueblo quien se levante ellos llegarían a intervenir en caso de que el socialismo estuviese a punto de caer como lo hicieron hace años Tal vez me equivoque pero es mi opinión",0
"Nosotros preocupados y tal vez el tweet era pa verse rubio con diaz canel pa tomar ron y hacerse amiguitos lo q se le fue y no lo contacto por privado",0
"D Los pullover se encarga Roman Preguntale Yo no tengo nada q ver con eso Sorry x no podr ayudar",0
"O pegatinas lo que sea no tengo nada que diga que soy de MatCom menos el carné de MatCom",0
"Alguien me puede decir el sitio del lara o como llegar a la intranet de la uh o la facu",0
"Te gustaría que en la facultad se cree la página web MatCom News Noticiario MatCom la pagina estaría alimentada por la FEU principalmente por sus activistas y sería como un periódico digital donde se publicarán noticias logros y eventos relaciona anonymous poll",1
"No sé por qué no puso el texto entero este es el texto entero",0
"Te gustaría que en la facultad se cree la página web MatCom News Noticiario MatCom la pagina estaría alimentada por la FEU principalmente por sus activistas y sería como un periódico digital donde se publicarán noticias logros y eventos relacionados con la facultad sus estudiantes y profesores",1
"Por favor que algún admin ancle la encuesta",0
"Me gusta esa idea esa pincha es tuya man Avanza q yo le doy promoción",1
"Nunca antes mejor dicho literalmente es mía gracias",1
"Explícame mejor si quieres por privado",0
"Creo que ya entendí tu comentario pero desgraciadamente aunque quiera no puedo ayudar no tengo nada que ver con el correo de la facultad",-1
"Mujajaj ahora todos los q votaron si tienen q trabajar en el proyecto",0
"Lo que me da curiosidad es qué piensa de eso la única persona que votó no",0
"que lindo me gustaría la idea pero estoy si no te entiendo",0
"Tal vez es alguien q piensa q tendria q hacerlo el",0
"Todo el que esté interesado en aportar un granito de arena para la página MatCom News que me envíe un mensaje al privado Pueden aportar tirando código siendo redactor aportando información aportando ideas cualquier cosa será bienvenida Estamos abiertos a sugerencias y ayudas",1
"Ya no Es que no siempre tengo activos los datos",0
"Papa yo creo que ya han habido par de proyectos MUY parecidos a ese Habia un joven Matcom hace un par de años pero nunca prospero esta foros pero ya nadie lo usa por lo inestable que es Lo que digo es que deberias retroalimentarte de estas cosas si de verdad quieres hacer algo bueno",-1
"Yo mismo estuve vinculado a ambos proyectos",0
"Alguien tiene o sabe donde conseguir una foto con el nuevo logotipo de la facultad",0
"Alguien aquu del grupo de estadística",0
"People estoy localizando a Carlos Estael",0
"Asere estás hecho un policía tú primero a Estevanel y ahora a Carlos",0
"Lo está buscando feu UH por una cosa del festival de la clase",0
"Carlos Estael Error 404 Student not found",-1
"Estael Ah verdad ese el apellido de el No me acordaba",0
"Quienes estén interesados en ser reporteros del sitio MatCom News que me contacten por mensajes al privado Yo me encargaré de que ustedes tengan un resumen de la noticia con todo lo que sucedió ustedes solo tendrán que hacer el cuerpo de la noticia para que sea grata leerla La información será vista por una buena cantidad de personas así que es una gran oportunidad para sacar a ese escritor o periodista que llevas dentro",1
"Cuenta conmigo si quieres siempre me gustaron estas cosas",1
"tal vez es como siempre el bloqueo",-1
"Aunque técnicamente esa decision viene de cierto grupo de gente en el que ellos son un conjunto y no el todo",0
"Tengo una amistad cuya madre trabaja en ETECSA y es una de las encargadas de la capacitación de los programadores para la infraestructura de los datos móviles y tienen dinero para pasar cursos en Barcelona le están pagando cursos en Barcelona y pasajes a gente que no sabe programar y eso me lo dice ella misma que la UCI le manda gente que no tiene idea de lo que hace",-1
"No a la alcancía de la infraestructura",-1
"Yo tengo cuentos de ETECSA que no van a creer y experiencias de 1ra mano",-1
"Desde ese tipo de inversiones a códigos CAPTCHA que no revisan en el login de usuarios y les mandas ñañarita y se la traga el portal",-1
"El simple hecho de que los planes se compren por USSD ya me quita toda la confianza en que hagan las cosas bien o que sepan bien lo que están haciendo",-1
"Peloteo de la vida es el título de la 1era conferencia de 1er año en la carrera ETECSA el padre de las casas",-1
"Burocracia es el título de la 2da conferencia",-1
"Yo sé que tú eres el más fan de ETECSA y Cubacel",-1
"Ahí van los paquetes de internet",0
"Si se te caen los datos mándanos un tweet a nuestra cuenta de Wait a minute",0
"I know pero yo no lo tengo a él en mis contactos",0
"No se bien en que version de Telegram salio pero ya se puede añadir a cualquier a tus contactos sin necesidad de tener su numero En fin solo informacion",0
"No tengo su número ni su contacto de Telegram Lo intenté pero no apareció en la lista",0
"hahha ese es el deporte nacional el peloteo",-1
"En dónde En ETECSA Pues la verdad es que para nada",-1
"Si no tengo datos cómo doy la queja",-1
"nauta hogar wifi etecsa couta escuela",0
"Eso es un reto nos estan probando",0
"No tengo nauta hogar no tengo dinero pa comprarme horas no soy estudiante",-1
"Usted lo q es es una lacra social",-1
"ojala algun dia la gran mayoria no tenga que decir eso",-1
"Pst Martí pasó lógica muy bien Lo que quiere decir es que ojalá todos sean estudiantes",0
"Y si no estoy entre los elegidos del Nauta Hogar Pago 1 CUC por ir a sentarme bajo el sol a un parque",-1
"JAJAJAJAJA deja mejor no digo ninguna queja",0
"Papa claro q no sientate a la sombra",0
"Lamentablemente eso no está en mis manos",-1
"No hay arboles en tu parque al final el verdadero problema es la deforestación",-1
"Seguro que parte del dinero que me cobran es para reforestar",-1
"Nu es para viajes de capacitación pa Barcelona",-1
"Eso no era quemando eso en serio lo han hecho",-1
"A mí eso no me molesta tanto como otras cosas Por ejemplo el hecho de que todo sea vía USSD o que me cobren cosas sin avisar",-1
"al ultimo que deje cogio scroll de rage",-1
"Hehebe Yo estaba esperando pledges Pero no estan pa mi al parecer",-1
"para que no se de todas formas",0
"ATENCION LOS INTEGRANTES DEL EQUIPO DE PELOTA EL CAPITAN DE FILOSOFIA ESTA INTERESADO EN TOPAR CON NOSOTROS MAÑANA A LAS 3 00PM CONFIRMEN",0
"ETECSA informa a los clientes prepagos de telefonía móvil que a partir de hoy 9 de Octubre 2019 podrán solicitar la habilitación para el acceso a la red 4G LTE Para ello es necesario que los clientes posean un equipo terminal que soporte LTE en la frecuencia 1800 MHz y tengan una tarjeta USIM que podrán adquirir de no poseerla en las Oficinas Comerciales por un valor de 3 CUC Para habilitar el acceso deberán enviar desde su teléfono un SMS sin costo al 2266 con el texto LTE y una vez habilitado el cliente recibirá un mensaje de confirmación en su móvil Recordamos que el acceso a la 4G LTE solo será posible si el cliente se encuentra bajo su cobertura Hasta la fecha la tecnología de cuarta generación móvil tiene presencia en zonas de las provincias La Habana Matanzas Mayabeque Artemisa Camagüey Ciego de Ávila Holguín Granma Las Tunas Guantánamo y Santiago de Cuba En los próximos meses se irán incorporando el resto de los territorios Para mayor información pueden contactarnos",0
"Ño asere etecsa no afloja todo hay que pagárselo",-1
"La definición de una compañía es hacer dinero",0
"Pero Monopolizando todo y sacrificando calidad Es muy fácil",-1
"Igual la compañía subrayo la es la madre de las casas así ponga la tarjeta en 3cuc en 1cuc o en 30cuc no tienes de otra que comprarla",-1
"Porque concuerdo con la definición pero incompleta pues haces dinero si eres monopolio o ofreces calidad y evidentemente etecsa entra en la segunda opción creo",-1
"Pero tendría que usar mi propio proveedor de hardware no",0
"igual que nosotros para hostearlo tendríamos que usar nuestro propio hardware eso no está trivial",0
"Hosteenlo en los servidores de Etecsa",0
"Yo realmente lo que quiero hacer es integrar CecilIA en un proyecto por ser Cecilia y de ustedes No es necesario es opcional pero me gustaría integrarlo en algún momento",0
"falta el fine tuning y también cuantización ya después de eso debes poderlo usar",0
"Yo creo que esa imagen tiene potencial para ser el próximo chill guy af",0
"Un Lumbreano salvaje ha aparecido",0
"Un nuevo ministro de evangelización del Outer Wilds Qué bueno saber que tengo reemplazo en la facultad",0
"Hola buenas noches tengo una duda Como los nuevos ingresados a la Universidad pueden obtener las 2 recargas de saldo desde Transfermovil",0
"ETECSA informa Ud ha sido habilitado para adquirir el Plan Sectorial estudiante Compre por Transfermovil o servicios en linea Informacion",0
"Habrá que esperar todavía a que se asienten los datos de los estudiantes en el sistema porque hasta que no se haga el cierre de matrícula a nivel de UH no se pueden visualizar",0
"Esto será en el transcurso del mes en lo que la universidad haga su cierre Igualmente los estudiantes deben haber dado su móvil personal con la línea a su nombre De lo contrario deberán cambiar la titularidad de la línea",0
"Igualmente habrá que esperar a que etecsa hale los datos del sistema de la universidad para que puedan actualizar sus BD Esto lo hacen ellos unilateralmente",0
"Resulta que yo tengo esa misma duda pero con los que ya están en la carrera",0
"Fuera de eso no sé más nada La única info que han dado al respecto en la UH es el correo ese que compartí",0
"No solo eso Me imagino q en etecsa esten esperando a que se matricule todo el mundo para hacer la actualización de su base d datos ni idea Es un problema q tienen tambien en otras facultades",-1
"Familia para los otros años q no son 1ro hay q rematricularse",0
"Sí TODOS los estudiantes de todos los años tienen que hacer la re matrícula",0
"Se les informará más adelante los horarios por cada año y carrera",0
"En mi caso en la universidad di un número que no está a mi nombre y ahora tengo un número diferente que si está a mi nombre que tengo que hacer",0
"Cuando hagas la re matrícula en la secretaría docente actualizas tu número de teléfono",0
"Cuándo ponen el horario de quinto año de computación",0
"Lunes a sábado de 8 a 5 domingos alternos Tres madrugadas a la semana No hay fin de año ni semana de receso en abril solo dos días al semestre por enfermedad y uno por resaca Vaya lo mismo que 4to",-1
"uno solo por resaca no parece justo",-1
"yo puedo controlar las veces q me enfermo pero las resacas no",0
"Mauri nunca dejes de escribir por el grupo te queremos",1
"Vida laboral le llaman algunos",0
"El q llega a quinto es xq quiere",0
"Después dicen que no asusten a los de 1ro pero con los de 5to nadie tiene consideración",-1
"Yo pensaba que 5to ya no existía",0
"Nooooo no cuestiones mis alucinaciones",0
"Donde están los de nuevo ingreso que entre que entren",0
"yo soy de 5to no joke creo q soy el unico que queda",0
"Pichardo Mauro Vianney y demás que preguntaron sobre esto",0
"Miren lo que publicaron hoy en el canal de la FEU de la UH sobre los datos de ETECSA",0
"ya pasaron las 5 fases del duelo desde lo de ETECSA xd",-1
"a mi me dieron una tarjetica de recarga de 20 cuc por un proyecto que según las bd de etecsa son válidas y cuando le dije a la señora de etecsa que me pusiera la recarga me dijo que no lo establecido en el mes son 360 pesos que no podía ponerme el dinero de la tarjetica volví a la fase 1 pero con sentimientos violentos pero respetuosos",-1
"En caso de alguien que actualizó en julio su número telefónico en secretaría a uno del que sí es titular pero nunca hizo ningún trámite con ETECSA porque no era lo pertinente y todavía no tiene habilitado el servicio cuál es el proceder No me queda claro pues esto parece más un reporte de errores específicamente del proceso de cambio de titularidad que de la prestación del servicio completo",-1
"Fíjate que hay un formulario para reportes",0
"Formulario q me pide la oficina de etecsa en que me atendieron y en qué fecha como dato obligatorio Pudiera haber introducido datos random pero preferí preguntar primero",-1
"Esto debería dar respuesta a la interrogante Pero bueno sh happens",-1
"O sea seguir esperando pacientemente",-1
"O OR XOR Ir a una oficina de ETECSA hacer el reporte y luego llenar el formulario con los datos reales",0
"Que por supuesto puede ser en la Biblioteca Central de la UH en la flamante nueva oficina que inauguraron hoy",0
"n correo de la UH para atender los casos de ETECSA",0
"Este es el mecanismo que estableció la UH para atender los casos relacionados con el plan sectorial",0
"Y q se supone q ponga ahí q no me han puesto el plan sectorial y mi número",-1
"Revisa que no te hayan dado baja del correo de estudiantes",0
"Cada vez que lo llaman por este nombre me da un patatús",-1
"Por cierto vieron como los de Etecsa multiplicaron sus ganancias como x2400",-1
"Pp pero cuando tu les revisas las manos la ropa q usan la higiene Te das cuenta de que no hay problemas de infraestructura Son antenas disfrazadas de baja pa no contribuir a la conectividad del pais",-1
"me encanta como hablan de recuperacion de infraestructura pero no de restablecimiento precios acordes a los ingresos de la poblacion",-1
"Qué es exportar servicios de telecomunicaciones Quién de afuera quiere a etecsa como su compañía telefónica",-1
"exportan servicios a la Isla de la Juventud",0
"Por cierto dicen que las inconformidades han sido atendidas",0
"btw se echaron lo de la ministra de trabajo",0
"Sí la tratan como si su crimen fuera el pior de los recientes",-1
"Yo pensé que tu preguntabas que si se la habían echado ya sabes",0
"igual que no existen mendigos en cuba xD",-1
"Ah los 10K anteriores son diarios",0
"yo lo que sigo sin entender es como antes 18 de cada 20 dolares segun ellos no llegaban a etecsa y ahora si",-1
"Sino estás hablando en el aire gritándole a las nubes",-1
"No necesariamente Lo puedes multar Puedes irte full Trump y meterle tarifas que garanticen que cada equipo de esos ayude a sanar la herida Pero si se roban ese dinero no hay nada que hacer",-1
"El no hay nada que hacer es la actitud más conformista que se puede tener si me lo preguntas",-1
"Eso me parece una solución válida",0
"Puedes poner licencias de uso E incluso cobrarlas con un descaradisimo tax al uso del espacio electromagnetico",0
"Pero habría que ver el tamaño de los impuestos",0
"Como es esto diferente de mi propuesta",0
"Si hay cosas que hacer Pero si no quitas a los ladrones no puedes empezar a hacer nada",-1
"Yo hablo de licencia de uso de starlink",0
"Tu hablabas de licencia de vender paquetes y servicios de etecsa",0
"Y la infraestructura que requiere eso",0
"A esta lógica también se le puede aplicar que van a robarse el dinero y ya",-1
"Por eso Primero quitar a los ladrones Luego medidas",0
"Lo que te dije ahorita que haya que hacer una cosa no quita que no haya que hacer la otra",0
"Tu puedes ir pensando medidas para los dos problemas",0
"Por circunstancias históricas yo tampoco nunca pensé ver a la FEU manifestándose",0
"Si Pero las medidas si no quitas a los ladrones no tienen sentido",-1
"No creo que nadie esté en contra a quitar ladrones a excepción de los ladrones",0
"Añadiendo aqui Los médicos que viraron de Venezuela en su momento vieron de un día pal otro que les dijeron Tus usd en el banco ahora son cuc El robo no solo ha sido a entidades extranjeras El pueblo de cuba también lo ha sufrido muchisimo",-1
"El último gran robo fue el reordenamiento donde se decidió convertir la riqueza acumulada de la mayoria en 0",-1
"Tengo entendido que no es legal o que mínimo no hay las vías legales para hacerlo",-1
"Bueno rey ilumineme porque no hay otra empresa",0
"Para ahora ahora mismo no lo creo",0
"De donde va a salir el dinero y la infraestructura de eso",0
"Según DC Nadie valora el esfuerzo que se hace en Cuba En ningun país del mundo el gobierno se esfuerza por garantizar que todas las personas reciban su cuota a un precio alcanzable Fácil es dejar que el mercado domine con esquemas neoliberales No es una cita No recuerdo sus palabras exactas En fin la narrativa es que el mercado es injusto Y lo justo es lo que hay en Cuba",-1
"eso seria una buena propuesta si y solo si vienes con todo lo que vas a hacer para crearla ponerla a funcionar y hacerla sostenible si no vienes con eso es tirar una piedra al aire no se si me hago entender",-1
"Mi propuesta de MIPYMES que se encarguen de gestionar los datos nace de ahí que hacer otra empresa de telecomunicaciones no me parece realista pero gente que monte la infraestructura ellos mismos o con equipos comprados a Etecsa si me parece súper realista",0
"Donde veo que puede fallar es en la rentabilidad",0
"Bueno estamos de acuerdo entonces",0
"yo pienso que a precios razonables se pueden hacer cosas lo que parte de que ellos sean legales y quieran hacerlo spoiler tu sae pueden dar servicios de fibra como hacen a la universidad a mipymes y sacar provecho cobrar en dolares y que el mipymero se encargue del mercado negro",0
"Yo no entiendo en que espacio cabe ahí un inversor para serte sincero Me parece que tu hablas de algo asi como Mint Mobile o Google Fi y etecsa siendo T Mobile No se como eso arreglaría nada la verdah",-1
"Exacto que de MIPYMES a ETECSA el pago sea en dólares del cliente a la MIPYME en cualquier moneda",0
"Digo inversor como alguien dispuesto a dar dinero para montar un negocio nada mas",0
"Me explicas lo de Google Fi y Mint Desconozco realmente",0
"Pero eso solo pasa en caso de haya márgenes Tendría que haber dinero para que el inversor y pa que etecsa viva",0
"Te refieres a que tendría que ser rentable",0
"Son gente que le paga a redes grandes para usar sus torres y servicios como alquiladas Ellos dan el servicio pero la infraestructura no es de ellos",0
"Fíjate que una cadena con mas pasos requiere mas dinero en el sistema",0
"Si me refiero a eso mismo la solución que le veo es que bueno Etecsa necesita dinero eso es una entrada de dinero",0
"Unju por eso digo que no se si sea rentable pero me parece sensato analizar",0
"Cuando vengas a ver la licencia que tendria que vender eteca sería absurdamente cara para ser rentable",-1
"La idea no es que las empresas vayan a vender datos a un costo más barato que Etecsa y con la misma calidad porque entonces de donde sale la ganancia sino que van a ingeniárselas para crear paquetes de datos más rentables colo decía anteriormente cosas como acceso solo a redes específicas o menos velocidad pero más datos",0
"La responsabilidad de crear nuevos paquetes de datos no caería en Etecsa",0
"Caería en ellos la responsabilidad de aprobarlos y venderlos O de hacer megapaquetes para estas empresas que sugieres",0
"Claro que hay que hacer muchísimas regulaciones por eso decía que es a largo plazo",0
"Depende a cuánto se lo cobren a las empresas",0
"Pero Loitzel ninguna propuesta es buena mientras los ladrones sigan robando",-1
"Papa estoy de acuerdo pero al menos yo para el problema del desvío de dinero no tengo solución ahora mismo",-1
"Que la ahí y está por ahí pero no la tengo",-1
"Literalmente puedes ponerlos a implementar el mejor plan del mundo De nada va a servir si hay corrupción involucrada",-1
"Con respecto a eso lo único que me viene a la mente es que si tenemos TODOS los datos a nuestra disposición eso se verá pero la condición está fuerye",0
"Usualmente poner un intermediario lo que hace es incrementar los precios del producto porque el intermediario tiene que sacar algo Si incrementan los precios del producto usualmente vendes menos Los pocos que he visto que venden al mismo precio que ETECSA o más barato es porque probablemente andan en algún tipo de negocio de remesas",0
"Eso lo considero vender a más precio que Etecsa no les daría negocio porque nadie utilizaría sus servicios pero vender a menos precios paquetes que objetivamente tienen menos cosas redes o velocidad ya podría ser rentable",0
"Mira te lo planteo así imagina que tú eres el dueño de una MIPYME y etecsa te da la oportunidad de vender paquetes claramente no puedes vender los mismos paquetes a menos precio",0
"Que harías para que tu negocio sea rentable",0
"La MIPYME no puede dar la misma oferta eso lo tengo claro pero en el proceso de ver cómo puede sacar dinero tiene que pensar en ofertas que le sean rentables Etecsa simplemente le cobra a esa MIPYME el uso de su infraestructura",0
"Starlink es una idea super sexy Ayudas a la red quitandole carga Puedes usar la posición de monopolios pa meterle impuesto hasta porque si pa ayudar a subvencionar el Internet de los pobres de este mundo Una pena que eso te deje sin el control qué quieres y que no lo vayas a implementar porque tienes mas miedo que clientes",-1
"Además si luego elito se molesta y tumba la conexión tendrán que hacer huelga las universidades de Texas porque no fue culpa tuya",-1
"Realmente si ahí el lío son las implicaciones políticas",0
"Tu me dices que cualquier oferta más atractiva que haga una MIPYME también la puede hacer etecsa no",0
"La solución de Starlink es la más sencilla por temas políticos y de planificación prefieren que pase por su filtro y si la idea es captar divisas para pagar una deuda millonaria es evidente que el Estado querrá participar activamente en el cobro no tanto así en la ideación",0
"Mira mi lógica La responsabilidad de crear paquetes atractivos y rentables queda en la MIPYME si no les sale bien son ellos quienes pierden dinero no ETECSA te cobra lo mismo independientemente de cuan bien te vaya Gestionar nuevas ofertas y tráfico requiere de una gestión y una infraestructura lo cual requiere una inversión monetaria esa inversión monetaria ya no quedaría por parte de ETECSA sino por parte de la MIPYME La MIPYME puede ser un rotundo fracaso pero si cierra no pasa nada si ETECSA cierra el país entero se queda sin telecomunicaciones",0
"Osea como funcionan los distribuidores internacionales de etecsa",0
"Los datos que nos tienen que proveer",0
"No Conectarse a la red de etecsa invoca varios problemas Necesidad de inversión en esa infraestructura problemas con la empresa que preste el servicio y falta de motivación Quien la palabra vulgar que prefieras va a regalarle equipos a etecsa para que ellos hagan lo que entiendan con ellos",-1
"Como diria mi amigo bukelin Cuando nadie roba el dinero alcanza Esa es la primera solución A partir de ahí se puede construir futuro",0
"El país entero jamás se quedará sin telecomunicaciones sino que los sectores no priorizados los militares siempre tendrán Internet así como periodistas y etc Me gustaría pensar que la universidad sería un sector priorizado pero pueden apelar a la clásica de que en el pasado se graduaban sin acceso a Internet",-1
"Entiendes a lo que me refiero las personas el pueblo",0
"Pregunta la única opcion de ese estilo que hay es Starlink",0
"O sea Me dices que etecsa les va a pagar a las mipymes el uso de sus antenas satelitales",0
"Él lo que te está diciendo es que de por sí las ofertas de Etecsa no tienen sentido Entonces dado que Etecsa no sabe NADA de marketing o negocios Él propone que las mypimes se encarguen de esa parte básicamente",-1
"Pero a nivel de estado no es una opción no",0
"No digo que no sepan de marketing y negocio pero es que no tienen competencia",0
"Yo creo que te entiendo Pero meh",0
"Papa y el tema bloqueo Eloncito se va a meter en esa candela",0
"Papa tampoco digo que sea LA solución lo que me hace sentido",0
"Ahora anda peleado con el novio no se que tan dispuesto este Xd",0
"O sea digo que elito no va a permitir que ningún proveedor de Internet use sus antenas asi",0
"Eso acabaría con la velocidad de la red global",-1
"Pa decirlo tendría yo que saber más marketing que ellos y eso sí tengo claro que no lo se",0
"En esa candela no me voy a meter rey le seguiré diciendo bloqueo xoxo",0
"La capacidad de la red está sobrevendida suponiendo que no todos usan el maximo del ancho de banda al mismo tiempo Una conexión de ese tipo tendría maxeado el ancho de banda todo el rato",-1
"He dado exactamente 0 clases de marketing",0
"En Etecsa hay alguien que ha dado más clases de marketing que yo",0
"Además de que elito no se prestaría pa la censura que etecsa pondria",-1
"Ellos han dado un número negativo de eso",-1
"Por eso taxea hasta el alma pero no controles",-1
"Ah no pero por eso no te guies de que sirve que den las clases si no aprenden nada",-1
"En fin en Cuba no soltaran el monopolio de la información tan fácil so eso no sucedera",-1
"Solo digo que no tengo las bases para hablar con propiedad Man es como si me pusiera a hablar de economía ahora no hay ninguna vergüenza en decir que no se",0
"Como combatir la inflación Ni idea",0
"Los clientes son los que son los mismos que mes a mes recargan a sus familiares desde el exterior por las múltiples vías que existen si con el volumen de recargas que reciben son incapaces de mantener su infraestructura los que planifican son bien mediocres más aún si tenemos en cuenta que hace 4 años tenían potencialmente 400k usuarios de más",-1
"Mediocridad no es la palabras La palabra es robo",-1
"Pero starlink paga algo a los países donde operan Osea por usar el servicio Xq en importacion de las antenas y eso sí",0
"Cuando estos son los principios en los que te basas para hacer relaciones no llegas muy lejos El robo y el engaño están mal Ser pobre no justifica la pérdida de los valores mas básico de la convivencia",-1
"Si para operar en cualquier país tiene que pagar impuestos sobre la venta del servicio Ademas de la importación de los equipos",0
"A ver de las cosas parecidas a este esquema que yo puedo ver rentables son 1 Que ETECSA venda recargas por cantidad a particulares a menor precio si la recarga cuesta 22USD pues a Juan por comprar 100 le cuestan 20USD y ya Juan se encarga de comercializarlas al precio que crea ETECSA no pierde dinero porque ya Juan pagó de antemano Quizás con este esquema los particulares podrían negociar con ETECSA en plan Yo quiero comercializar un paquete que traiga A B y C bonificaciones ETECSA calcula el precio base y la cantidad mínima de recargas que tendría que comprar Ahora ponerse de acuerdo con toda la cadena de mando y asumir que dentro de ETECSA pueden llevar estudios de viabilidad económica para un paquete arbitrario viendo la situación que hay ahora me parece soñar 2 Links de referidos tu recargas por Ding porque Juan te recomendó entonces Juan se lleva 0 50 USD o algo así",0
"En la práctica este país no puede controlar los impuestos ni de los arrendadores Es lo que tiene que no haya un red bancaria para pagar en USD y todo se haga con efectivo Hasta en países del primer mundo tienen problemas para lidiar con la economía gris que es full cash",-1
"Yo no hablo de impuestos a Elon Hablo de impuestos a los cubanos",0
"Esos se los pueden cobrar en dolar marciano si quieren",0
"Ajá cuando el cubano le cobre a otro 20USD en cash cómo la ONAT lo va a saber",-1
"No tiene manera Por eso Le cobras con ensañamiento al que trae el equipo y luego le metes un impuesto de uso del equipo al mes mas ensañado aun",-1
"Tax por uso del espacio electromagnético",0
"No es perfecto no es ni bueno Pero mejor que nada",0
"El lío es que tienes que calcular que ese tax te permita amortizar todas las recargas internacionales que ahora se pierden porque hay gente vendiendo internet",0
"La gracia ahí es que ETECSA garantiza que Juan pague 100 recargas y les llega el dinero seguro Si Juan vende solo 80 es su problema",0
"Pero bueno Tu siempre puedes prohibirle a la gente que tire cables de una casa pa otra y cosas asi Algo asi como tienes derecho a conectar un inmueble y bajanda",0
"El estado monopoliza la violencia asi que pueden hacer lo que entiendan",0
"a lo mejor Juan compra más en oferta q lo q hubieran comprado y sumado la gente en primer lugar",0
"es verdad q Juan se beneficia pero si no lo hace ETECSA vende menos el perjuicio ahí es pensar",0
"Además que como Juan metió dinero de su bolsillo ahora va a tener incentivos para moverse y vender todas las recargas",0
"Si vende todas las recargas se expande la base de consumidores",0
"El lío es que tienen que hacer cálculos de vdd para saber cuánto es rentable",0
"Además que este negocio se combina fácil con el de remesas Yo le pago a ETECSA desde afuera 1800 USD por 100 recargas eso me da a mi el potencial de obtener 2000USD en cash en Cuba que luego puedes usar para poner remesas y sacar quizás 3USD cada 100USD luego por 1800 USD puedes llegar a sacar 260 de beneficio",0
"No sabes que le pasa quizás a ETECSA le conviene más que Juan le de 1800USD desde afuera a intentar vender ellos a 22USD y solo obtener 1600",0
"Posee el 100 de los usuarios pero esos usuarios no son seguros de que paguen nada",0
"Yo te puedo decir que no quiero recargar a 22 USD pero si un intermediario la compra a 18 y me la vende en 20 yo la compro",0
"Pero el intermediario te da liquidez segura e inmediata Si tu firmas un contrato con alguien donde Juan te compra 1800USD de recargas al mes tu sabes que al final del año te van a comprar 21600USD y esos son fijos Si no pues véndelas tú y mira a ver lo que sacas",0
"Te woa resumir Etecsa se las vende a esa gente Y luego pone ofertas a la poblacion y los saca del mercado Así vende doble el mismo servicio",0
"El 30 de mayo etecsa dejo bien clarito que mientras mas sucio se juegue mejor pa ellos",-1
"Pero que eso no le asegura liquidez a ETECSA Ahora mañana la gente de afuera dice no más recargas y se acabó la entrada Si tienes a distribuidores atados por contrato te tienen que pagar sí o sí",0
"La gente puede dejar de comprarle si quieren perjudicar a ETECSA y listo como ahora mismo hay gente en redes diciendo que ya no van a enviar más recargas",-1
"Que tienes una base de usuarios que tienen que recargar obligado seguro sobre todo los que trabajan por internet Pero el resto depende que alguien de su familia afuera se apiade de su alma para ponerle una recarga",-1
"La gracia de tener distribuidores es que tengas cláusulas de no competición Aunque aquí no se puede esperar nada lógico",-1
"Tú puedes recoger en USD también no he visto a casi nadie recoger en CUP para recarga internacional",0
"Pero tienen SRI integrado No me sirve un LLM al berro con puro entrenamiento jaja",0
"Etecsa puede hacer las mismas propuestas pero 1 tiene que invertir dinero 2 no hay garantía de rentabilidad en las propuestas",0
"No es lo que propongo pero si sería una consecuencia",0
"El problema ahí está en que Etecsa al ser cubana tiene problemas con cualquier cuenta que tenga en el extranjero directamente a su nombre es por eso que buscan terceros que vendan sus servicios Fijate que en la pagina de Etecsa cada con cualquier servicio de recarga ellos te ponen una sección de en que tiendas online se pueden comprar",0
"papa creo q todos buscan en google y leen docs adjuntos",0
"El mejor que he visto ha sido perplexity",1
"Responde rápido y las fuentes quedan clarísimas",1
"A ETECSA le conviene porque el dinero le llega a su banco bien limpito mientras que extraen el cash que hay físico en la isla ahora mismo ETECSA no recoge cash imagino porque poner grandes cantidades de billetes en bancos lleva controles anti lavado de dinero y financiación del terrorismo y Cuba está en la lista de patrocinadores Que va a subir la inflación seguro pero las medidas de ahora también lo hacen Hay gente vendiendo recargas pero como las compran de forma minorista te la venden a 25USD el que quiera recargar desde aquí tiene que buscarlos",0
"Obviamente un problema con estas alternativas es la mala prensa de estar dolarizando un servicio esencial pero bueno no hay más remedio",-1
"Ya en cuanto a cifras no se papa una MIPYME claramente no cubre pero unas cientos no se realmente",0
"No tengo la confianza para decir si cubre o no",0
"Si la MIPYME ofrece servicio a 100 personas y paga más de lo que le pagarían esas 100 personas a Etecsa entonces si están ganando",0
"así me gusta apoyando a ETECSA",-1
"Es que entre mis opciones Etecsa definitivamente era la mejor",0
"Entonces Musk banea las coordenadas de Cuba del servicio y nadie tiene internet de nuevo",-1
"Al menos ETECSA tiene un interés en darnos servicio corrijo en darles servicios a los cubanos en el exterior A Musk este país se la suda",-1